{
  "bytes": 4633524,
  "count_of_rows": 174243,
  "hash": "591e66984679558dfae3f6b33d80499e",
  "name": "donnees_hospitalieres_covid19",
  "profile": "data-package",
  "resources": [
    {
      "bytes": 2192915,
      "dialect": {
        "caseSensitiveHeader": false,
        "delimiter": ",",
        "doubleQuote": true,
        "header": true,
        "lineTerminator": "\r\n",
        "quoteChar": "\"",
        "skipInitialSpace": false
      },
      "encoding": "utf-8",
      "format": "csv",
      "hash": "c409ee53b0714dab9797d3858dba442a",
      "name": "donnees-hospitalieres-covid19",
      "path": "donnees-hospitalieres-covid19.csv",
      "profile": "tabular-data-resource",
      "schema": {
        "fields": [
          {
            "format": "default",
            "name": "dep",
            "type": "string"
          },
          {
            "format": "default",
            "name": "sexe",
            "type": "integer"
          },
          {
            "format": "%Y-%m-%d",
            "name": "jour",
            "type": "date"
          },
          {
            "format": "default",
            "name": "hosp",
            "type": "integer"
          },
          {
            "format": "default",
            "name": "rea",
            "type": "integer"
          },
          {
            "format": "default",
            "name": "rad",
            "type": "integer"
          },
          {
            "format": "default",
            "name": "dc",
            "type": "integer"
          }
        ],
        "missingValues": [
          ""
        ]
      }
    },
    {
      "bytes": 586938,
      "dialect": {
        "caseSensitiveHeader": false,
        "delimiter": ",",
        "doubleQuote": true,
        "header": true,
        "lineTerminator": "\r\n",
        "quoteChar": "\"",
        "skipInitialSpace": false
      },
      "encoding": "utf-8",
      "format": "csv",
      "hash": "a93ccd220105011cbbc73e461468b609",
      "name": "donnees-hospitalieres-nouveaux-covid19",
      "path": "donnees-hospitalieres-nouveaux-covid19.csv",
      "profile": "tabular-data-resource",
      "schema": {
        "fields": [
          {
            "format": "default",
            "name": "dep",
            "type": "string"
          },
          {
            "format": "%Y-%m-%d",
            "name": "jour",
            "type": "date"
          },
          {
            "format": "default",
            "name": "incid_hosp",
            "type": "integer"
          },
          {
            "format": "default",
            "name": "incid_rea",
            "type": "integer"
          },
          {
            "format": "default",
            "name": "incid_dc",
            "type": "integer"
          },
          {
            "format": "default",
            "name": "incid_rad",
            "type": "integer"
          }
        ],
        "missingValues": [
          ""
        ]
      }
    },
    {
      "bytes": 1413768,
      "dialect": {
        "caseSensitiveHeader": false,
        "delimiter": ",",
        "doubleQuote": true,
        "header": true,
        "lineTerminator": "\r\n",
        "quoteChar": "\"",
        "skipInitialSpace": false
      },
      "encoding": "utf-8",
      "format": "csv",
      "hash": "90c2b9d8e6e0ba8d15dce3d902c649f4",
      "name": "donnees-hospitalieres-classe-age-covid19",
      "path": "donnees-hospitalieres-classe-age-covid19.csv",
      "profile": "tabular-data-resource",
      "schema": {
        "fields": [
          {
            "format": "default",
            "name": "reg",
            "type": "integer"
          },
          {
            "format": "default",
            "name": "cl_age90",
            "type": "integer"
          },
          {
            "format": "%Y-%m-%d",
            "name": "jour",
            "type": "date"
          },
          {
            "format": "default",
            "name": "hosp",
            "type": "integer"
          },
          {
            "format": "default",
            "name": "rea",
            "type": "integer"
          },
          {
            "format": "default",
            "name": "rad",
            "type": "integer"
          },
          {
            "format": "default",
            "name": "dc",
            "type": "integer"
          }
        ],
        "missingValues": [
          ""
        ]
      }
    },
    {
      "bytes": 439903,
      "dialect": {
        "caseSensitiveHeader": false,
        "delimiter": ",",
        "doubleQuote": true,
        "header": true,
        "lineTerminator": "\r\n",
        "quoteChar": "\"",
        "skipInitialSpace": false
      },
      "encoding": "utf-8",
      "format": "csv",
      "hash": "7dede71d066520428d413e6177df6bff",
      "name": "donnees-hospitalieres-etablissements-covid19-toto",
      "path": "donnees-hospitalieres-etablissements-covid19-toto.csv",
      "profile": "tabular-data-resource",
      "schema": {
        "fields": [
          {
            "format": "default",
            "name": "dep",
            "type": "string"
          },
          {
            "format": "%Y-%m-%d",
            "name": "jour",
            "type": "date"
          },
          {
            "format": "default",
            "name": "nb",
            "type": "integer"
          }
        ],
        "missingValues": [
          ""
        ]
      }
    }
  ],
  "title": "donnees-hospitalieres-covid19"
}