{
  "bytes": 2779853,
  "count_of_rows": 100091,
  "hash": "ef4a2aeb6438cc896b603477c9a38a0b",
  "homepage": "https://www.data.gouv.fr/fr/datasets/donnees-hospitalieres-relatives-a-lepidemie-de-covid-19/",
  "name": "donnees-hospitalieres-covid19",
  "profile": "data-package",
  "resources": [
    {
      "bytes": 2192915,
      "dialect": {
        "caseSensitiveHeader": false,
        "delimiter": ",",
        "doubleQuote": true,
        "header": true,
        "lineTerminator": "\r\n",
        "quoteChar": "\"",
        "skipInitialSpace": false
      },
      "dpp:streamedFrom": "https://www.data.gouv.fr/fr/datasets/r/63352e38-d353-4b54-bfd1-f1b3ee1cabd7",
      "dpp:streaming": true,
      "encoding": "utf-8",
      "format": "csv",
      "hash": "c409ee53b0714dab9797d3858dba442a",
      "name": "donnees-hospitalieres-covid19",
      "path": "donnees-hospitalieres-covid19.csv",
      "profile": "tabular-data-resource",
      "schema": {
        "fields": [
          {
            "format": "default",
            "name": "dep",
            "type": "string"
          },
          {
            "format": "default",
            "name": "sexe",
            "type": "integer"
          },
          {
            "format": "%Y-%m-%d",
            "name": "jour",
            "type": "date"
          },
          {
            "format": "default",
            "name": "hosp",
            "type": "integer"
          },
          {
            "format": "default",
            "name": "rea",
            "type": "integer"
          },
          {
            "format": "default",
            "name": "rad",
            "type": "integer"
          },
          {
            "format": "default",
            "name": "dc",
            "type": "integer"
          }
        ],
        "missingValues": [
          ""
        ]
      }
    },
    {
      "bytes": 586938,
      "dialect": {
        "caseSensitiveHeader": false,
        "delimiter": ",",
        "doubleQuote": true,
        "header": true,
        "lineTerminator": "\r\n",
        "quoteChar": "\"",
        "skipInitialSpace": false
      },
      "dpp:streamedFrom": "https://www.data.gouv.fr/fr/datasets/r/6fadff46-9efd-4c53-942a-54aca783c30c",
      "dpp:streaming": true,
      "encoding": "utf-8",
      "format": "csv",
      "hash": "a93ccd220105011cbbc73e461468b609",
      "name": "donnees-hospitalieres-nouveaux-covid19",
      "path": "donnees-hospitalieres-nouveaux-covid19.csv",
      "profile": "tabular-data-resource",
      "schema": {
        "fields": [
          {
            "format": "default",
            "name": "dep",
            "type": "string"
          },
          {
            "format": "%Y-%m-%d",
            "name": "jour",
            "type": "date"
          },
          {
            "format": "default",
            "name": "incid_hosp",
            "type": "integer"
          },
          {
            "format": "default",
            "name": "incid_rea",
            "type": "integer"
          },
          {
            "format": "default",
            "name": "incid_dc",
            "type": "integer"
          },
          {
            "format": "default",
            "name": "incid_rad",
            "type": "integer"
          }
        ],
        "missingValues": [
          ""
        ]
      }
    }
  ],
  "title": "Données hospitalières covid19 SPF"
}