{
  "bytes": 4653116,
  "count_of_rows": 174946,
  "hash": "5852614b42ecb5c248fc9bfc00c4b2bf",
  "name": "donnees_hospitalieres_covid19",
  "profile": "data-package",
  "resources": [
    {
      "bytes": 2202326,
      "dialect": {
        "caseSensitiveHeader": false,
        "delimiter": ",",
        "doubleQuote": true,
        "header": true,
        "lineTerminator": "\r\n",
        "quoteChar": "\"",
        "skipInitialSpace": false
      },
      "dpp:streaming": true,
      "encoding": "utf-8",
      "format": "csv",
      "hash": "fe7d6383d9484a1a9c35ef17863e7ce9",
      "name": "donnees-hospitalieres-covid19",
      "path": "donnees-hospitalieres-covid19.csv",
      "profile": "tabular-data-resource",
      "schema": {
        "fields": [
          {
            "format": "default",
            "name": "dep",
            "type": "string"
          },
          {
            "format": "default",
            "name": "sexe",
            "type": "integer"
          },
          {
            "format": "%Y-%m-%d",
            "name": "jour",
            "type": "date"
          },
          {
            "format": "default",
            "name": "hosp",
            "type": "integer"
          },
          {
            "format": "default",
            "name": "rea",
            "type": "integer"
          },
          {
            "format": "default",
            "name": "rad",
            "type": "integer"
          },
          {
            "format": "default",
            "name": "dc",
            "type": "integer"
          }
        ],
        "missingValues": [
          ""
        ]
      }
    },
    {
      "bytes": 589383,
      "dialect": {
        "caseSensitiveHeader": false,
        "delimiter": ",",
        "doubleQuote": true,
        "header": true,
        "lineTerminator": "\r\n",
        "quoteChar": "\"",
        "skipInitialSpace": false
      },
      "dpp:streaming": true,
      "encoding": "utf-8",
      "format": "csv",
      "hash": "ce6a67543d273969407d160c7fc062a8",
      "name": "donnees-hospitalieres-nouveaux-covid19",
      "path": "donnees-hospitalieres-nouveaux-covid19.csv",
      "profile": "tabular-data-resource",
      "schema": {
        "fields": [
          {
            "format": "default",
            "name": "dep",
            "type": "string"
          },
          {
            "format": "%Y-%m-%d",
            "name": "jour",
            "type": "date"
          },
          {
            "format": "default",
            "name": "incid_hosp",
            "type": "integer"
          },
          {
            "format": "default",
            "name": "incid_rea",
            "type": "integer"
          },
          {
            "format": "default",
            "name": "incid_dc",
            "type": "integer"
          },
          {
            "format": "default",
            "name": "incid_rad",
            "type": "integer"
          }
        ],
        "missingValues": [
          ""
        ]
      }
    },
    {
      "bytes": 1419710,
      "dialect": {
        "caseSensitiveHeader": false,
        "delimiter": ",",
        "doubleQuote": true,
        "header": true,
        "lineTerminator": "\r\n",
        "quoteChar": "\"",
        "skipInitialSpace": false
      },
      "dpp:streaming": true,
      "encoding": "utf-8",
      "format": "csv",
      "hash": "786c9dcfedbf81619db51c727c750ff1",
      "name": "donnees-hospitalieres-classe-age-covid19",
      "path": "donnees-hospitalieres-classe-age-covid19.csv",
      "profile": "tabular-data-resource",
      "schema": {
        "fields": [
          {
            "format": "default",
            "name": "reg",
            "type": "integer"
          },
          {
            "format": "default",
            "name": "cl_age90",
            "type": "integer"
          },
          {
            "format": "%Y-%m-%d",
            "name": "jour",
            "type": "date"
          },
          {
            "format": "default",
            "name": "hosp",
            "type": "integer"
          },
          {
            "format": "default",
            "name": "rea",
            "type": "integer"
          },
          {
            "format": "default",
            "name": "rad",
            "type": "integer"
          },
          {
            "format": "default",
            "name": "dc",
            "type": "integer"
          }
        ],
        "missingValues": [
          ""
        ]
      }
    },
    {
      "bytes": 441697,
      "dialect": {
        "caseSensitiveHeader": false,
        "delimiter": ",",
        "doubleQuote": true,
        "header": true,
        "lineTerminator": "\r\n",
        "quoteChar": "\"",
        "skipInitialSpace": false
      },
      "dpp:streaming": true,
      "encoding": "utf-8",
      "format": "csv",
      "hash": "1220ba3428d6944021f4a29c9020c235",
      "name": "donnees-hospitalieres-etablissements-covid19",
      "path": "donnees-hospitalieres-etablissements-covid19.csv",
      "profile": "tabular-data-resource",
      "schema": {
        "fields": [
          {
            "format": "default",
            "name": "dep",
            "type": "string"
          },
          {
            "format": "%Y-%m-%d",
            "name": "jour",
            "type": "date"
          },
          {
            "format": "default",
            "name": "nb",
            "type": "integer"
          }
        ],
        "missingValues": [
          ""
        ]
      }
    }
  ],
  "title": "donnees-hospitalieres-covid19"
}